airport_code,airport_name,period,terminal_pax,total_pax,transit_pax,mov_charter_EU_international_passenger_atm,mov_charter_all_EU_international_atm,mov_charter_all_domestic_atm,mov_charter_all_non_EU_international_atm,mov_charter_passenger_domestic_atm,mov_charter_passenger_non_EU_international_atm,mov_scheduled_all_EU_international_atm,mov_scheduled_all_domestic_atm,mov_scheduled_all_non_EU_international_atm,mov_scheduled_passenger_EU_international_atm,mov_scheduled_passenger_domestic_atm,mov_scheduled_passenger_non_EU_international_atm,mov_total_EU_atm,mov_total_domestic_atm,mov_total_non_EU_international_atm,covid_anomaly
BFS,BELFAST INTERNATIONAL,201501,237819,237948,129,34,36,337,0,3,0,228.0,1724,79,228,1724,79,264.0,2061,79,False
BFS,BELFAST INTERNATIONAL,201502,273539,273747,208,27,28,326,3,1,2,264.0,1753,70,264,1753,70,292.0,2079,73,False
BFS,BELFAST INTERNATIONAL,201503,331487,331707,220,25,25,352,11,6,11,362.0,1966,96,362,1966,96,387.0,2318,107,False
BFS,BELFAST INTERNATIONAL,201504,340519,340708,189,18,18,334,11,6,11,620.0,1816,76,620,1816,76,638.0,2150,87,False
BFS,BELFAST INTERNATIONAL,201505,393138,393408,270,97,97,336,21,14,21,799.0,1874,72,799,1874,72,896.0,2210,93,False
BFS,BELFAST INTERNATIONAL,201506,428742,428942,200,195,195,372,57,16,57,854.0,1840,76,854,1840,76,1049.0,2212,133,False
BFS,BELFAST INTERNATIONAL,201507,470801,470834,33,263,268,359,72,2,72,928.0,1792,89,928,1792,89,1196.0,2151,161,False
BFS,BELFAST INTERNATIONAL,201508,466607,466732,125,219,219,324,47,4,47,932.0,1782,80,932,1782,80,1151.0,2106,127,False
BFS,BELFAST INTERNATIONAL,201509,415559,415580,21,211,212,357,46,1,45,820.0,1832,68,820,1832,68,1032.0,2189,114,False
BFS,BELFAST INTERNATIONAL,201510,386428,386428,0,82,83,365,25,4,25,605.0,1996,64,605,1996,64,688.0,2361,89,False
BFS,BELFAST INTERNATIONAL,201511,330090,330096,6,59,61,340,4,6,4,323.0,2085,60,323,2085,60,384.0,2425,64,False
BFS,BELFAST INTERNATIONAL,201512,315095,315181,86,66,67,355,3,3,1,307.0,2098,84,307,2098,84,374.0,2453,87,False
BFS,BELFAST INTERNATIONAL,201601,284750,284821,71,56,56,331,1,4,1,268.0,1978,92,268,1978,92,324.0,2309,93,False
BFS,BELFAST INTERNATIONAL,201602,328260,328332,72,52,53,338,1,3,1,284.0,2010,100,284,2010,100,337.0,2348,101,False
BFS,BELFAST INTERNATIONAL,201603,370884,370884,0,77,81,339,0,6,0,385.0,2177,94,385,2177,94,466.0,2516,94,False
BFS,BELFAST INTERNATIONAL,201604,395461,395461,0,64,64,5,9,5,9,579.0,2254,70,579,2254,70,643.0,2259,79,False
BFS,BELFAST INTERNATIONAL,201605,440526,440526,0,143,143,4,25,4,25,725.0,2306,70,725,2306,70,868.0,2310,95,False
BFS,BELFAST INTERNATIONAL,201606,493631,493631,0,268,268,1,35,1,35,841.0,2193,80,841,2193,80,1109.0,2194,115,False
BFS,BELFAST INTERNATIONAL,201607,532661,532661,0,295,295,1,41,1,41,916.0,2147,86,916,2147,86,1211.0,2148,127,False
BFS,BELFAST INTERNATIONAL,201608,533940,533940,0,253,253,2,39,2,39,908.0,2163,80,908,2163,80,1161.0,2165,119,False
BFS,BELFAST INTERNATIONAL,201609,488356,488356,0,226,226,2,34,2,34,925.0,2216,66,925,2216,66,1151.0,2218,100,False
BFS,BELFAST INTERNATIONAL,201610,445986,445986,0,69,69,2,19,2,19,741.0,2284,66,741,2284,66,810.0,2286,85,False
BFS,BELFAST INTERNATIONAL,201611,411437,411441,4,52,52,2,5,2,5,550.0,2402,54,550,2402,54,602.0,2404,59,False
BFS,BELFAST INTERNATIONAL,201612,421507,421507,0,65,65,9,2,9,2,558.0,2472,92,558,2472,92,623.0,2481,94,False
BFS,BELFAST INTERNATIONAL,201701,379352,379352,0,45,45,10,1,10,1,517.0,2404,72,517,2404,72,562.0,2414,73,False
BFS,BELFAST INTERNATIONAL,201702,401496,401496,0,44,44,6,4,6,4,510.0,2238,48,510,2238,48,554.0,2244,52,False
BFS,BELFAST INTERNATIONAL,201703,447334,447334,0,51,51,3,3,3,3,636.0,2497,48,636,2497,48,687.0,2500,51,False
BFS,BELFAST INTERNATIONAL,201704,499007,499007,0,57,57,2,1,2,1,933.0,2351,34,933,2351,34,990.0,2353,35,False
BFS,BELFAST INTERNATIONAL,201705,523527,523527,0,164,164,9,1,9,1,1130.0,2431,0,1130,2431,0,1294.0,2440,1,False
BFS,BELFAST INTERNATIONAL,201706,565424,565424,0,269,269,2,19,2,19,1277.0,2129,4,1277,2129,4,1546.0,2131,23,False
BFS,BELFAST INTERNATIONAL,201707,609433,609433,0,332,332,9,25,9,25,1323.0,2064,53,1323,2064,53,1655.0,2073,78,False
BFS,BELFAST INTERNATIONAL,201708,592045,592045,0,275,276,316,12,2,12,1311.0,2038,46,1311,2038,46,1587.0,2354,58,False
BFS,BELFAST INTERNATIONAL,201709,535076,535076,0,251,252,328,10,1,10,1228.0,2098,44,1228,2098,44,1480.0,2426,54,False
BFS,BELFAST INTERNATIONAL,201710,488114,488114,0,82,86,284,9,3,9,1007.0,2255,56,1007,2255,56,1093.0,2539,65,False
BFS,BELFAST INTERNATIONAL,201711,402982,402982,0,49,93,279,11,2,9,572.0,2133,32,572,2133,32,665.0,2412,43,False
BFS,BELFAST INTERNATIONAL,201712,392945,392945,0,60,89,274,3,9,3,545.0,2181,68,545,2181,68,634.0,2455,71,False
BFS,BELFAST INTERNATIONAL,201801,364465,364465,0,55,92,262,0,11,0,548.0,2088,74,548,2088,74,640.0,2350,74,False
BFS,BELFAST INTERNATIONAL,201802,382676,382676,0,60,98,239,3,8,3,505.0,1979,70,505,1979,70,603.0,2218,73,False
BFS,BELFAST INTERNATIONAL,201803,450197,450204,7,78,119,242,3,6,3,640.0,2387,84,640,2387,84,759.0,2629,87,False
BFS,BELFAST INTERNATIONAL,201804,498574,498574,0,64,119,214,7,1,7,950.0,2342,69,950,2342,69,1069.0,2556,76,False
BFS,BELFAST INTERNATIONAL,201805,557484,557484,0,147,204,243,28,6,28,1229.0,2367,56,1229,2367,56,1433.0,2610,84,False
BFS,BELFAST INTERNATIONAL,201806,608884,608884,0,250,311,237,27,9,26,1382.0,2259,57,1382,2259,57,1693.0,2496,84,False
BFS,BELFAST INTERNATIONAL,201807,676383,676383,0,302,357,211,38,2,37,1494.0,2316,67,1494,2316,67,1851.0,2527,105,False
BFS,BELFAST INTERNATIONAL,201808,672018,672018,0,266,329,227,27,5,27,1475.0,2292,61,1475,2292,61,1804.0,2519,88,False
BFS,BELFAST INTERNATIONAL,201809,598628,598628,0,231,290,219,28,2,27,1409.0,2328,54,1409,2328,54,1699.0,2547,82,False
BFS,BELFAST INTERNATIONAL,201810,550868,550868,0,60,130,234,29,5,28,1184.0,2499,52,1184,2499,52,1314.0,2733,81,False
BFS,BELFAST INTERNATIONAL,201811,456313,456313,0,52,130,231,11,11,8,619.0,2612,20,619,2612,20,749.0,2843,31,False
BFS,BELFAST INTERNATIONAL,201812,452463,452463,0,50,104,202,4,6,0,626.0,2626,46,626,2626,46,730.0,2828,50,False
BFS,BELFAST INTERNATIONAL,201901,405935,405935,0,49,129,186,3,3,3,622.0,2532,52,622,2532,52,751.0,2718,55,False
BFS,BELFAST INTERNATIONAL,201902,446116,446116,0,64,139,203,10,12,8,589.0,2392,48,589,2392,48,728.0,2595,58,False
BFS,BELFAST INTERNATIONAL,201903,487888,487888,0,73,146,175,10,2,8,686.0,2664,58,686,2664,58,832.0,2839,68,False
BFS,BELFAST INTERNATIONAL,201904,542166,542166,0,55,115,145,20,2,20,1103.0,2454,29,1103,2454,29,1218.0,2599,49,False
BFS,BELFAST INTERNATIONAL,201905,607358,607358,0,70,70,2,1,2,1,1527.0,2901,83,1437,2565,83,1597.0,2903,84,False
BFS,BELFAST INTERNATIONAL,201906,612034,612034,0,149,149,0,4,0,4,1581.0,2503,90,1500,2215,90,1730.0,2503,94,False
BFS,BELFAST INTERNATIONAL,201907,639412,639412,0,246,246,4,87,4,85,1556.0,2516,32,1469,2205,32,1802.0,2520,119,False
BFS,BELFAST INTERNATIONAL,201908,639333,639333,0,219,220,3,67,3,66,1570.0,2508,26,1486,2202,26,1790.0,2511,93,False
BFS,BELFAST INTERNATIONAL,201909,576859,577048,189,180,180,4,51,4,46,1479.0,2600,20,1392,2317,20,1659.0,2604,71,False
BFS,BELFAST INTERNATIONAL,201910,518039,518039,0,11,11,2,9,2,8,1279.0,2698,25,1186,2378,24,1290.0,2700,34,False
BFS,BELFAST INTERNATIONAL,201911,396660,396660,0,8,8,7,0,7,0,551.0,2645,47,470,2268,44,559.0,2652,47,False
BFS,BELFAST INTERNATIONAL,201912,406574,406574,0,16,16,7,2,7,2,553.0,2722,58,482,2367,58,569.0,2729,60,False
BFS,BELFAST INTERNATIONAL,202001,380056,380056,0,40,40,10,0,10,0,496.0,2563,73,408,2256,72,536.0,2573,73,False
BFS,BELFAST INTERNATIONAL,202002,394255,394255,0,54,54,7,3,7,3,536.0,2383,73,454,2116,70,590.0,2390,76,False
BFS,BELFAST INTERNATIONAL,202003,241743,241743,0,14,14,1,1,1,1,380.0,2011,50,291,1711,48,394.0,2012,51,True
BFS,BELFAST INTERNATIONAL,202004,0,0,0,0,0,0,0,0,0,88.0,268,0,0,0,0,88.0,268,0,True
BFS,BELFAST INTERNATIONAL,202005,0,0,0,0,0,0,0,0,0,79.0,269,2,0,0,0,79.0,269,2,True
BFS,BELFAST INTERNATIONAL,202006,14896,14896,0,0,0,1,0,1,0,103.0,459,0,14,178,0,103.0,460,0,True
BFS,BELFAST INTERNATIONAL,202007,103921,103921,0,3,3,0,0,0,0,335.0,925,3,245,632,3,338.0,925,3,True
BFS,BELFAST INTERNATIONAL,202008,215215,215215,0,10,10,5,4,5,4,635.0,1493,27,553,1220,27,645.0,1498,31,True
BFS,BELFAST INTERNATIONAL,202009,173407,173407,0,10,10,4,5,4,5,423.0,1428,41,333,1102,41,433.0,1432,46,True
BFS,BELFAST INTERNATIONAL,202010,109789,109789,0,6,6,2,7,2,7,237.0,1394,30,148,1046,30,243.0,1396,37,True
BFS,BELFAST INTERNATIONAL,202011,36034,36039,5,9,9,4,1,4,1,156.0,704,0,73,300,0,165.0,708,1,True
BFS,BELFAST INTERNATIONAL,202012,77635,77765,130,4,4,19,3,1,3,188.0,1332,5,108,870,5,192.0,1351,8,True
BFS,BELFAST INTERNATIONAL,202101,29163,29163,0,0,0,0,1,0,1,66.0,850,5,24,390,5,66.0,850,6,True
BFS,BELFAST INTERNATIONAL,202102,24480,24480,0,0,0,7,0,7,0,40.0,685,0,0,264,0,40.0,692,0,True
BFS,BELFAST INTERNATIONAL,202103,41776,41776,0,6,6,7,0,7,0,49.0,860,0,0,378,0,55.0,867,0,True
BFS,BELFAST INTERNATIONAL,202104,55416,55416,0,1,1,5,4,5,4,41.0,819,0,0,401,0,42.0,824,4,True
BFS,BELFAST INTERNATIONAL,202105,116925,116925,0,2,2,1,0,1,0,62.0,1237,2,22,818,0,64.0,1238,2,True
BFS,BELFAST INTERNATIONAL,202106,174616,174616,0,2,13,6,1,6,1,143.0,1570,0,99,1166,0,156.0,1576,1,True
BFS,BELFAST INTERNATIONAL,202107,275270,275310,40,16,16,7,8,7,8,337.0,2293,0,292,1853,0,353.0,2300,8,True
BFS,BELFAST INTERNATIONAL,202108,343112,343462,350,30,30,6,2,6,2,543.0,2422,0,501,2012,0,573.0,2428,2,True
BFS,BELFAST INTERNATIONAL,202109,311344,312091,747,8,8,4,6,4,6,585.0,2348,5,543,1909,5,593.0,2352,11,True
BFS,BELFAST INTERNATIONAL,202110,371310,371310,0,5,5,3,2,3,2,625.0,2587,19,579,2146,19,630.0,2590,21,True
BFS,BELFAST INTERNATIONAL,202111,297082,297082,0,5,5,10,2,0,2,334.0,2335,8,287,1938,8,339.0,2345,10,True
BFS,BELFAST INTERNATIONAL,202112,286645,286645,0,16,16,5,2,5,2,410.0,2529,8,366,2093,8,426.0,2534,10,True
BFS,BELFAST INTERNATIONAL,202201,220502,220502,0,24,24,6,2,6,2,300.0,2003,34,256,1634,34,324.0,2009,36,True
BFS,BELFAST INTERNATIONAL,202202,304896,304896,0,16,16,0,2,0,2,373.0,2131,32,330,1830,32,389.0,2131,34,True
BFS,BELFAST INTERNATIONAL,202203,365707,365707,0,12,12,2,2,2,2,488.0,2550,48,440,2202,48,500.0,2552,50,True
BFS,BELFAST INTERNATIONAL,202204,431468,431468,0,10,10,4,2,4,2,796.0,2418,59,760,2098,56,806.0,2422,61,True
BFS,BELFAST INTERNATIONAL,202205,472142,472142,0,58,58,2,7,2,7,1005.0,2574,54,964,2253,53,1063.0,2576,61,True
BFS,BELFAST INTERNATIONAL,202206,478551,478551,0,118,118,8,10,8,10,1028.0,2468,56,980,2162,52,1146.0,2476,66,False
BFS,BELFAST INTERNATIONAL,202207,510114,510114,0,130,130,0,14,0,14,1055.0,2414,64,1006,2096,59,1185.0,2414,78,False
BFS,BELFAST INTERNATIONAL,202208,520708,520708,0,122,122,6,14,6,14,1007.0,2471,57,987,2143,54,1129.0,2477,71,False
BFS,BELFAST INTERNATIONAL,202209,461149,461149,0,96,96,2,6,2,6,953.0,2546,57,916,2262,52,1049.0,2548,63,False
BFS,BELFAST INTERNATIONAL,202210,438274,438274,0,13,13,6,4,6,4,921.0,2623,59,882,2331,54,934.0,2629,63,False
BFS,BELFAST INTERNATIONAL,202211,301791,301791,0,3,3,7,0,5,0,426.0,2034,10,382,1705,10,429.0,2041,10,False
BFS,BELFAST INTERNATIONAL,202212,312912,312912,0,22,22,3,1,3,1,435.0,2182,24,396,1834,24,457.0,2185,25,False
BFS,BELFAST INTERNATIONAL,202301,290713,290880,167,29,29,1,1,1,1,400.0,2153,40,370,1859,40,429.0,2154,41,False
BFS,BELFAST INTERNATIONAL,202302,333051,333051,0,34,34,5,2,5,2,404.0,2158,42,360,1892,42,438.0,2163,44,False
BFS,BELFAST INTERNATIONAL,202303,392405,392405,0,20,20,5,2,5,2,560.0,2547,69,515,2249,69,580.0,2552,71,False
BFS,BELFAST INTERNATIONAL,202304,540744,540744,0,4,4,2,6,2,6,1004.0,3047,70,970,2790,70,1008.0,3049,76,False
BFS,BELFAST INTERNATIONAL,202305,562200,562200,0,75,75,1,8,1,8,1126.0,3283,76,1086,2985,73,1201.0,3284,84,False
BFS,BELFAST INTERNATIONAL,202306,591027,591027,0,136,136,5,21,5,21,1237.0,3151,68,1192,2848,67,1373.0,3156,89,False
BFS,BELFAST INTERNATIONAL,202307,629618,629618,0,151,151,2,31,2,31,1330.0,3099,73,1290,2816,72,1481.0,3101,104,False
BFS,BELFAST INTERNATIONAL,202308,633084,633084,0,139,139,2,21,2,21,1333.0,3135,77,1287,2832,76,1472.0,3137,98,False
BFS,BELFAST INTERNATIONAL,202309,542297,542297,0,101,101,0,3,0,3,1251.0,3163,69,1208,2869,68,1352.0,3163,72,False
BFS,BELFAST INTERNATIONAL,202310,556692,556692,0,13,13,5,3,5,3,1221.0,3347,72,1178,3035,72,1234.0,3352,75,False
BFS,BELFAST INTERNATIONAL,202311,431856,431856,0,1,1,1,2,1,2,769.0,2796,27,725,2455,26,770.0,2797,29,False
BFS,BELFAST INTERNATIONAL,202312,453201,453201,0,11,11,7,0,7,0,769.0,2879,53,729,2544,52,780.0,2886,53,False
BFS,BELFAST INTERNATIONAL,202401,364664,364664,0,8,8,2,0,2,0,696.0,2333,86,657,2037,84,704.0,2335,86,False
BFS,BELFAST INTERNATIONAL,202402,451515,451515,0,19,19,6,3,6,3,775.0,2654,101,736,2361,98,794.0,2660,104,False
BFS,BELFAST INTERNATIONAL,202403,509163,509163,0,19,19,2,5,2,5,906.0,2935,107,866,2649,105,925.0,2937,112,False
BFS,BELFAST INTERNATIONAL,202404,555835,555835,0,7,7,5,2,5,2,1208.0,3118,128,1166,2819,125,1215.0,3123,130,False
BFS,BELFAST INTERNATIONAL,202405,631539,631539,0,44,44,0,7,0,7,1469.0,3313,151,1426,3005,146,1513.0,3313,158,False
BFS,BELFAST INTERNATIONAL,202406,625270,625270,0,42,42,1,18,1,18,1480.0,3042,149,1441,2766,145,1522.0,3043,167,False
BFS,BELFAST INTERNATIONAL,202407,709170,709170,0,158,158,1,44,1,44,1561.0,3108,144,1518,2830,143,1719.0,3109,188,False
BFS,BELFAST INTERNATIONAL,202408,707906,707906,0,152,152,6,23,6,23,1566.0,3082,140,1528,2806,140,1718.0,3088,163,False
BFS,BELFAST INTERNATIONAL,202409,618734,618734,0,12,12,2,10,2,9,1559.0,3208,149,1524,2941,149,1571.0,3210,159,False
BFS,BELFAST INTERNATIONAL,202410,607728,607728,0,3,3,1,3,1,2,1467.0,3130,144,1427,2839,144,1470.0,3131,147,False
BFS,BELFAST INTERNATIONAL,202411,456616,456616,0,6,6,1,6,1,6,817.0,2496,76,784,2203,76,823.0,2497,82,False
BFS,BELFAST INTERNATIONAL,202412,495809,495809,0,41,41,1,0,0,0,882.0,2829,96,851,2494,96,923.0,2830,96,False
BFS,BELFAST INTERNATIONAL,202501,390629,390629,0,43,43,0,1,0,0,714.0,2384,109,679,2114,109,757.0,2384,110,False
BFS,BELFAST INTERNATIONAL,202502,465109,465109,0,42,42,0,4,0,4,793.0,2493,120,759,2239,120,835.0,2493,124,False
BFS,BELFAST INTERNATIONAL,202503,507361,507361,0,46,46,2,0,1,0,928.0,2786,134,894,2515,134,974.0,2788,134,False
BFS,BELFAST INTERNATIONAL,202504,552566,552566,0,3,3,1,0,0,0,1307.0,2662,134,1273,2404,133,1310.0,2663,134,False
BFS,BELFAST INTERNATIONAL,202505,599543,599543,0,73,74,0,14,0,0,1473.0,2658,150,1437,2436,147,1547.0,2658,164,False
BFS,BELFAST INTERNATIONAL,202506,640102,640102,0,119,122,0,10,0,4,1574.0,2706,149,1541,2478,146,1696.0,2706,159,False
BFS,BELFAST INTERNATIONAL,202507,694251,694251,0,137,137,2,32,0,24,1705.0,2667,145,1668,2416,143,1842.0,2669,177,False
BFS,BELFAST INTERNATIONAL,202508,695823,695823,0,119,119,0,12,0,6,1702.0,2631,154,1669,2406,151,1821.0,2631,166,False
BFS,BELFAST INTERNATIONAL,202509,594984,594984,0,75,76,0,18,0,3,1535.0,2662,146,1500,2426,142,1611.0,2662,164,False
BFS,BELFAST INTERNATIONAL,202510,595468,595468,0,5,5,0,16,0,0,1508.0,2762,131,1471,2515,128,1513.0,2762,147,False
BFS,BELFAST INTERNATIONAL,202511,457466,457466,0,4,4,4,22,4,2,859.0,2479,77,827,2246,75,863.0,2483,99,False
BFS,BELFAST INTERNATIONAL,202512,483719,483719,0,28,28,3,12,3,0,858.0,2760,99,822,2471,99,886.0,2763,111,False
BFS,BELFAST INTERNATIONAL,202601,388637,388637,0,60,62,1,17,1,3,642.0,2197,112,611,1990,109,704.0,2198,129,False
BFS,BELFAST INTERNATIONAL,202602,459643,459643,0,43,46,0,3,0,3,755.0,2426,115,723,2232,112,801.0,2426,118,False
BFS,BELFAST INTERNATIONAL,202603,532799,532799,0,27,28,0,2,0,2,977.0,2778,143,942,2560,139,1005.0,2778,145,False
BFS,BELFAST INTERNATIONAL,202604,568632,568632,0,4,6,0,0,0,0,1280.0,2748,133,1246,2543,130,1286.0,2748,133,False
BFS,BELFAST INTERNATIONAL,202605,632287,632287,0,82,86,1,0,0,0,1505.0,2770,139,1472,2571,136,1591.0,2771,139,False
BFS,BELFAST INTERNATIONAL,202606,635199,635199,0,115,118,0,4,0,4,1564.0,2618,125,1529,2408,122,1682.0,2618,129,False
BHD,BELFAST CITY (GEORGE BEST),201501,167662,167662,0,10,10,0,0,0,0,0.0,2791,0,0,2791,0,10.0,2791,0,False
BHD,BELFAST CITY (GEORGE BEST),201502,187658,187658,0,8,8,0,0,0,0,0.0,2981,0,0,2981,0,8.0,2981,0,False
BHD,BELFAST CITY (GEORGE BEST),201503,210413,210413,0,8,8,0,0,0,0,8.0,3310,0,8,3310,0,16.0,3310,0,False
BHD,BELFAST CITY (GEORGE BEST),201504,222410,222410,0,2,2,0,0,0,0,92.0,3282,0,92,3282,0,94.0,3282,0,False
BHD,BELFAST CITY (GEORGE BEST),201505,237893,237893,0,2,2,0,0,0,0,172.0,3318,0,172,3318,0,174.0,3318,0,False
BHD,BELFAST CITY (GEORGE BEST),201506,250190,250190,0,9,9,1,0,1,0,211.0,3378,0,211,3378,0,220.0,3379,0,False
BHD,BELFAST CITY (GEORGE BEST),201507,268793,268793,0,8,8,0,0,0,0,227.0,3447,0,227,3447,0,235.0,3447,0,False
BHD,BELFAST CITY (GEORGE BEST),201508,272355,272355,0,10,10,0,0,0,0,228.0,3387,0,228,3387,0,238.0,3387,0,False
BHD,BELFAST CITY (GEORGE BEST),201509,243667,243667,0,11,11,0,1,0,1,212.0,3323,0,212,3323,0,223.0,3323,1,False
BHD,BELFAST CITY (GEORGE BEST),201510,238769,238769,0,1,1,21,0,21,0,160.0,3385,0,160,3385,0,161.0,3406,0,False
BHD,BELFAST CITY (GEORGE BEST),201511,200067,200067,0,0,0,0,0,0,0,44.0,3284,0,44,3284,0,44.0,3284,0,False
BHD,BELFAST CITY (GEORGE BEST),201512,192865,192865,0,2,2,0,0,0,0,42.0,3197,0,42,3197,0,44.0,3197,0,False
BHD,BELFAST CITY (GEORGE BEST),201601,161666,161666,0,12,12,0,0,0,0,44.0,2801,0,44,2801,0,56.0,2801,0,False
BHD,BELFAST CITY (GEORGE BEST),201602,189049,189049,0,8,8,0,0,0,0,42.0,2977,0,42,2977,0,50.0,2977,0,False
BHD,BELFAST CITY (GEORGE BEST),201603,209386,209386,0,6,6,0,0,0,0,66.0,3181,0,66,3181,0,72.0,3181,0,False
BHD,BELFAST CITY (GEORGE BEST),201604,217080,217080,0,0,0,0,0,0,0,200.0,3392,0,200,3392,0,200.0,3392,0,False
BHD,BELFAST CITY (GEORGE BEST),201605,242996,242996,0,1,1,0,2,0,2,346.0,3558,0,346,3558,0,347.0,3558,2,False
BHD,BELFAST CITY (GEORGE BEST),201606,253844,253844,0,4,4,0,6,0,6,343.0,3529,0,343,3529,0,347.0,3529,6,False
BHD,BELFAST CITY (GEORGE BEST),201607,269179,269179,0,3,3,0,0,0,0,354.0,3532,0,354,3532,0,357.0,3532,0,False
BHD,BELFAST CITY (GEORGE BEST),201608,278217,278217,0,3,3,4,1,4,1,352.0,3578,0,352,3578,0,355.0,3582,1,False
BHD,BELFAST CITY (GEORGE BEST),201609,244550,244550,0,6,6,1,0,1,0,336.0,3240,0,336,3240,0,342.0,3241,0,False
BHD,BELFAST CITY (GEORGE BEST),201610,226071,226071,0,0,0,0,0,0,0,220.0,3231,0,220,3231,0,220.0,3231,0,False
BHD,BELFAST CITY (GEORGE BEST),201611,192271,192271,0,0,0,0,1,0,1,92.0,3085,0,92,3085,0,92.0,3085,1,False
BHD,BELFAST CITY (GEORGE BEST),201612,180830,180830,0,5,5,1,0,1,0,84.0,2899,0,84,2899,0,89.0,2900,0,False
BHD,BELFAST CITY (GEORGE BEST),201701,158993,158993,0,16,16,1,2,1,2,84.0,2714,0,84,2714,0,100.0,2715,2,False
BHD,BELFAST CITY (GEORGE BEST),201702,173253,173253,0,15,15,0,0,0,0,77.0,2605,0,77,2605,0,92.0,2605,0,False
BHD,BELFAST CITY (GEORGE BEST),201703,196402,196402,0,11,11,2,4,2,4,90.0,2907,0,90,2907,0,101.0,2909,4,False
BHD,BELFAST CITY (GEORGE BEST),201704,217699,217699,0,1,1,1,0,1,0,204.0,2864,0,204,2864,0,205.0,2865,0,False
BHD,BELFAST CITY (GEORGE BEST),201705,221829,221829,0,0,0,2,0,2,0,250.0,3030,0,250,3030,0,250.0,3032,0,False
BHD,BELFAST CITY (GEORGE BEST),201706,239438,239438,0,2,2,2,0,2,0,242.0,3009,26,242,3009,26,244.0,3011,26,False
BHD,BELFAST CITY (GEORGE BEST),201707,257035,257035,0,2,2,2,1,2,1,249.0,2997,26,249,2997,26,251.0,2999,27,False
BHD,BELFAST CITY (GEORGE BEST),201708,264928,264928,0,2,2,9,0,9,0,249.0,3035,28,249,3035,28,251.0,3044,28,False
BHD,BELFAST CITY (GEORGE BEST),201709,227671,227671,0,0,0,1,1,1,1,180.0,2976,24,180,2976,24,180.0,2977,25,False
BHD,BELFAST CITY (GEORGE BEST),201710,224002,224002,0,4,4,3,0,3,0,175.0,3029,28,175,3029,28,179.0,3032,28,False
BHD,BELFAST CITY (GEORGE BEST),201711,196033,196033,0,1,1,3,1,3,1,56.0,2825,26,56,2825,26,57.0,2828,27,False
BHD,BELFAST CITY (GEORGE BEST),201712,182563,182563,0,3,3,1,2,1,2,50.0,2715,26,50,2715,26,53.0,2716,28,False
BHD,BELFAST CITY (GEORGE BEST),201801,163106,163123,17,10,10,4,0,4,0,56.0,2637,19,56,2637,19,66.0,2641,19,False
BHD,BELFAST CITY (GEORGE BEST),201802,174092,174220,128,8,8,0,0,0,0,47.0,2581,16,47,2581,16,55.0,2581,16,False
BHD,BELFAST CITY (GEORGE BEST),201803,194238,194453,215,4,4,0,0,0,0,57.0,2926,22,57,2926,22,61.0,2926,22,False
BHD,BELFAST CITY (GEORGE BEST),201804,203961,204267,306,0,0,0,0,0,0,62.0,2923,26,62,2923,26,62.0,2923,26,False
BHD,BELFAST CITY (GEORGE BEST),201805,231916,232133,217,0,0,2,2,2,2,185.0,3119,14,185,3119,14,185.0,3121,16,False
BHD,BELFAST CITY (GEORGE BEST),201806,234263,234347,84,2,2,12,1,12,1,180.0,2971,0,180,2971,0,182.0,2983,1,False
BHD,BELFAST CITY (GEORGE BEST),201807,250504,250504,0,5,5,5,0,5,0,189.0,3048,0,189,3048,0,194.0,3053,0,False
BHD,BELFAST CITY (GEORGE BEST),201808,255024,255024,0,2,2,2,1,2,1,186.0,3031,0,186,3031,0,188.0,3033,1,False
BHD,BELFAST CITY (GEORGE BEST),201809,220240,220240,0,1,1,3,4,3,4,180.0,2854,0,180,2854,0,181.0,2857,4,False
BHD,BELFAST CITY (GEORGE BEST),201810,213972,213972,0,1,1,2,1,2,1,91.0,2917,0,91,2917,0,92.0,2919,1,False
BHD,BELFAST CITY (GEORGE BEST),201811,189582,189582,0,2,2,7,3,7,3,52.0,2707,0,52,2707,0,54.0,2714,3,False
BHD,BELFAST CITY (GEORGE BEST),201812,179396,179396,0,7,7,2,0,2,0,49.0,2606,1,49,2606,1,56.0,2608,1,False
BHD,BELFAST CITY (GEORGE BEST),201901,162013,162013,0,8,8,0,2,0,2,46.0,2544,0,46,2544,0,54.0,2544,2,False
BHD,BELFAST CITY (GEORGE BEST),201902,173705,173705,0,8,8,0,1,0,1,42.0,2477,0,42,2477,0,50.0,2477,1,False
BHD,BELFAST CITY (GEORGE BEST),201903,194572,194572,0,5,5,0,2,0,2,51.0,2781,0,51,2781,0,56.0,2781,2,False
BHD,BELFAST CITY (GEORGE BEST),201904,211050,211050,0,0,0,1,1,1,1,123.0,2910,0,123,2910,0,123.0,2911,1,False
BHD,BELFAST CITY (GEORGE BEST),201905,221769,221769,0,2,2,3,1,3,1,183.0,3004,0,183,3004,0,185.0,3007,1,False
BHD,BELFAST CITY (GEORGE BEST),201906,230898,230898,0,3,3,2,0,2,0,182.0,2870,0,182,2870,0,185.0,2872,0,False
BHD,BELFAST CITY (GEORGE BEST),201907,256565,256565,0,1,1,7,2,7,2,187.0,3077,0,187,3077,0,188.0,3084,2,False
BHD,BELFAST CITY (GEORGE BEST),201908,252324,252324,0,1,1,1,0,1,0,187.0,3017,0,187,3017,0,188.0,3018,0,False
BHD,BELFAST CITY (GEORGE BEST),201909,207191,207191,0,1,1,2,1,2,1,120.0,2801,0,120,2801,0,121.0,2803,1,False
BHD,BELFAST CITY (GEORGE BEST),201910,206968,206968,0,0,0,3,0,3,0,62.0,2840,0,62,2840,0,62.0,2843,0,False
BHD,BELFAST CITY (GEORGE BEST),201911,176285,176285,0,3,3,1,2,1,2,106.0,2450,0,106,2450,0,109.0,2451,2,False
BHD,BELFAST CITY (GEORGE BEST),201912,161919,161919,0,0,0,2,1,2,1,107.0,2391,0,107,2391,0,107.0,2393,1,False
BHD,BELFAST CITY (GEORGE BEST),202001,141536,141536,0,0,0,1,1,1,1,98.0,2242,0,98,2242,0,98.0,2243,1,False
BHD,BELFAST CITY (GEORGE BEST),202002,148662,148662,0,0,0,0,0,0,0,98.0,2277,0,98,2277,0,98.0,2277,0,False
BHD,BELFAST CITY (GEORGE BEST),202003,45212,45212,0,0,0,1,1,1,1,51.0,863,0,51,863,0,51.0,864,1,True
BHD,BELFAST CITY (GEORGE BEST),202004,2503,2503,0,0,0,0,0,0,0,6.0,62,0,6,62,0,6.0,62,0,True
BHD,BELFAST CITY (GEORGE BEST),202005,5132,5132,0,0,0,0,0,0,0,1.0,74,0,1,74,0,1.0,74,0,True
BHD,BELFAST CITY (GEORGE BEST),202006,10856,10856,0,0,0,0,0,0,0,0.0,132,0,0,132,0,0.0,132,0,True
BHD,BELFAST CITY (GEORGE BEST),202007,22976,22976,0,5,5,0,0,0,0,3.0,326,0,3,326,0,8.0,326,0,True
BHD,BELFAST CITY (GEORGE BEST),202008,30243,30243,0,1,1,2,0,2,0,54.0,333,0,54,333,0,55.0,335,0,True
BHD,BELFAST CITY (GEORGE BEST),202009,36988,37011,23,0,0,2,0,2,0,43.0,771,0,43,771,0,43.0,773,0,True
BHD,BELFAST CITY (GEORGE BEST),202010,37139,37139,0,1,1,0,0,0,0,41.0,1132,0,41,1132,0,42.0,1132,0,True
BHD,BELFAST CITY (GEORGE BEST),202011,26943,26944,1,0,0,1,1,1,1,25.0,589,1,25,589,1,25.0,590,2,True
BHD,BELFAST CITY (GEORGE BEST),202012,34333,34333,0,0,0,3,1,3,1,26.0,826,0,26,826,0,26.0,829,1,True
BHD,BELFAST CITY (GEORGE BEST),202101,18471,18471,0,1,1,0,0,0,0,14.0,506,0,14,506,0,15.0,506,0,True
BHD,BELFAST CITY (GEORGE BEST),202102,14559,14559,0,0,0,0,0,0,0,3.0,275,0,3,275,0,3.0,275,0,True
BHD,BELFAST CITY (GEORGE BEST),202103,17166,17166,0,0,0,1,0,1,0,6.0,276,0,6,276,0,6.0,277,0,True
BHD,BELFAST CITY (GEORGE BEST),202104,28751,28751,0,0,0,1,0,1,0,20.0,422,0,20,422,0,20.0,423,0,True
BHD,BELFAST CITY (GEORGE BEST),202105,37665,37665,0,0,0,1,1,1,1,32.0,605,0,32,605,0,32.0,606,1,True
BHD,BELFAST CITY (GEORGE BEST),202106,68887,68887,0,1,1,1,0,1,0,142.0,1061,0,142,1061,0,143.0,1062,0,True
BHD,BELFAST CITY (GEORGE BEST),202107,97626,97626,0,3,3,5,0,5,0,286.0,1112,0,286,1112,0,289.0,1117,0,True
BHD,BELFAST CITY (GEORGE BEST),202108,124156,124156,0,3,3,3,1,3,1,404.0,1199,0,404,1199,0,407.0,1202,1,True
BHD,BELFAST CITY (GEORGE BEST),202109,101343,101343,0,2,2,2,0,2,0,198.0,1257,0,198,1257,0,200.0,1259,0,True
BHD,BELFAST CITY (GEORGE BEST),202110,111897,111897,0,1,1,3,0,3,0,54.0,1431,0,54,1431,0,55.0,1434,0,True
BHD,BELFAST CITY (GEORGE BEST),202111,97699,97699,0,2,2,3,1,3,1,54.0,1402,0,54,1402,0,56.0,1405,1,True
BHD,BELFAST CITY (GEORGE BEST),202112,94177,94204,27,0,0,2,0,2,0,52.0,1368,0,52,1368,0,52.0,1370,0,True
BHD,BELFAST CITY (GEORGE BEST),202201,63213,63213,0,0,0,3,0,3,0,36.0,1015,0,36,1015,0,36.0,1018,0,True
BHD,BELFAST CITY (GEORGE BEST),202202,88604,88604,0,0,0,0,0,0,0,30.0,1087,0,30,1087,0,30.0,1087,0,True
BHD,BELFAST CITY (GEORGE BEST),202203,104971,104971,0,3,3,7,0,7,0,40.0,1229,0,40,1229,0,43.0,1236,0,True
BHD,BELFAST CITY (GEORGE BEST),202204,111236,111236,0,0,0,0,2,0,2,57.0,1301,0,57,1301,0,57.0,1301,2,True
BHD,BELFAST CITY (GEORGE BEST),202205,130431,130431,0,1,1,0,0,0,0,74.0,1687,0,74,1687,0,75.0,1687,0,True
BHD,BELFAST CITY (GEORGE BEST),202206,140658,140666,8,8,8,1,2,1,2,132.0,1997,0,132,1997,0,140.0,1998,2,False
BHD,BELFAST CITY (GEORGE BEST),202207,164835,164835,0,36,36,2,0,2,0,126.0,2556,0,126,2556,0,162.0,2558,0,False
BHD,BELFAST CITY (GEORGE BEST),202208,174713,174713,0,22,22,2,1,2,1,118.0,2800,0,118,2800,0,140.0,2802,1,False
BHD,BELFAST CITY (GEORGE BEST),202209,164938,164938,0,11,11,4,0,4,0,102.0,2741,0,102,2741,0,113.0,2745,0,False
BHD,BELFAST CITY (GEORGE BEST),202210,175105,175105,0,2,2,1,1,1,1,103.0,2757,0,103,2757,0,105.0,2758,1,False
BHD,BELFAST CITY (GEORGE BEST),202211,171154,171154,0,1,1,0,1,0,1,101.0,2550,0,101,2550,0,102.0,2550,1,False
BHD,BELFAST CITY (GEORGE BEST),202212,165298,165298,0,0,0,1,0,1,0,100.0,2457,0,100,2457,0,100.0,2458,0,False
BHD,BELFAST CITY (GEORGE BEST),202301,143536,143536,0,8,8,2,0,2,0,102.0,2388,0,102,2388,0,110.0,2390,0,False
BHD,BELFAST CITY (GEORGE BEST),202302,145217,145217,0,14,14,0,0,0,0,50.0,1867,0,50,1867,0,64.0,1867,0,False
BHD,BELFAST CITY (GEORGE BEST),202303,163251,163251,0,13,13,2,2,2,2,60.0,2094,0,60,2094,0,73.0,2096,2,False
BHD,BELFAST CITY (GEORGE BEST),202304,170172,170172,0,3,3,7,2,7,2,59.0,2261,0,59,2261,0,62.0,2268,2,False
BHD,BELFAST CITY (GEORGE BEST),202305,166854,166854,0,8,8,3,0,3,0,88.0,2463,0,88,2463,0,96.0,2466,0,False
BHD,BELFAST CITY (GEORGE BEST),202306,178618,178618,0,22,22,3,0,3,0,80.0,2309,0,80,2309,0,102.0,2312,0,False
BHD,BELFAST CITY (GEORGE BEST),202307,197262,197262,0,33,33,0,0,0,0,140.0,2467,0,140,2467,0,173.0,2467,0,False
BHD,BELFAST CITY (GEORGE BEST),202308,203706,203706,0,20,20,4,1,4,1,137.0,2470,0,137,2470,0,157.0,2474,1,False
BHD,BELFAST CITY (GEORGE BEST),202309,184001,184001,0,14,14,0,0,0,0,94.0,2425,0,94,2425,0,108.0,2425,0,False
BHD,BELFAST CITY (GEORGE BEST),202310,184616,184616,0,9,9,4,2,4,2,98.0,2496,0,98,2496,0,107.0,2500,2,False
BHD,BELFAST CITY (GEORGE BEST),202311,187085,187085,0,3,3,3,0,3,0,99.0,2372,0,99,2372,0,102.0,2375,0,False
BHD,BELFAST CITY (GEORGE BEST),202312,190835,190835,0,1,1,4,0,4,0,92.0,2475,0,92,2475,0,93.0,2479,0,False
BHD,BELFAST CITY (GEORGE BEST),202401,153212,153226,14,8,8,0,0,0,0,84.0,2109,0,84,2109,0,92.0,2109,0,False
BHD,BELFAST CITY (GEORGE BEST),202402,177630,177630,0,10,10,1,1,1,1,89.0,2132,0,89,2132,0,99.0,2133,1,False
BHD,BELFAST CITY (GEORGE BEST),202403,205287,205287,0,11,11,1,1,1,1,94.0,2471,0,94,2471,0,105.0,2472,1,False
BHD,BELFAST CITY (GEORGE BEST),202404,193160,193160,0,0,0,0,0,0,0,112.0,2438,0,112,2438,0,112.0,2438,0,False
BHD,BELFAST CITY (GEORGE BEST),202405,210261,210261,0,10,10,1,0,1,0,126.0,2546,0,126,2546,0,136.0,2547,0,False
BHD,BELFAST CITY (GEORGE BEST),202406,211831,211831,0,38,38,3,0,3,0,140.0,2445,0,140,2445,0,178.0,2448,0,False
BHD,BELFAST CITY (GEORGE BEST),202407,225886,225886,0,34,34,2,1,2,1,138.0,2549,0,138,2549,0,172.0,2551,1,False
BHD,BELFAST CITY (GEORGE BEST),202408,230220,230220,0,33,33,3,2,3,2,132.0,2548,0,132,2548,0,165.0,2551,2,False
BHD,BELFAST CITY (GEORGE BEST),202409,200619,200619,0,17,17,2,1,2,1,136.0,2435,0,136,2435,0,153.0,2437,1,False
BHD,BELFAST CITY (GEORGE BEST),202410,200345,200345,0,5,5,0,3,0,3,144.0,2478,0,144,2478,0,149.0,2478,3,False
BHD,BELFAST CITY (GEORGE BEST),202411,193502,193502,0,2,2,1,0,1,0,128.0,2269,0,128,2269,0,130.0,2270,0,False
BHD,BELFAST CITY (GEORGE BEST),202412,189089,189157,68,5,5,2,1,2,1,126.0,2303,0,126,2303,0,131.0,2305,1,False
BHD,BELFAST CITY (GEORGE BEST),202501,165373,165373,0,12,12,4,3,4,3,131.0,2180,0,131,2180,0,143.0,2184,3,False
BHD,BELFAST CITY (GEORGE BEST),202502,177746,177746,0,11,11,1,4,1,4,112.0,1988,0,112,1988,0,123.0,1989,4,False
BHD,BELFAST CITY (GEORGE BEST),202503,198496,198496,0,10,10,4,1,4,1,125.0,2254,0,125,2254,0,135.0,2258,1,False
BHD,BELFAST CITY (GEORGE BEST),202504,197920,197920,0,4,4,4,1,4,1,127.0,2251,0,127,2251,0,131.0,2255,1,False
BHD,BELFAST CITY (GEORGE BEST),202505,198100,198100,0,14,14,1,2,1,2,123.0,2293,0,123,2293,0,137.0,2294,2,False
BHD,BELFAST CITY (GEORGE BEST),202506,201103,201168,65,23,23,8,0,8,0,133.0,2224,0,133,2224,0,156.0,2232,0,False
BHD,BELFAST CITY (GEORGE BEST),202507,222038,222038,0,21,21,7,6,7,6,142.0,2313,0,142,2313,0,163.0,2320,6,False
BHD,BELFAST CITY (GEORGE BEST),202508,218302,218302,0,25,25,1,1,1,1,140.0,2205,0,140,2205,0,165.0,2206,1,False
BHD,BELFAST CITY (GEORGE BEST),202509,187890,187890,0,13,13,4,0,4,0,137.0,2033,0,137,2033,0,150.0,2037,0,False
BHD,BELFAST CITY (GEORGE BEST),202510,193552,193552,0,10,10,5,2,5,2,127.0,2124,0,127,2124,0,137.0,2129,2,False
BHD,BELFAST CITY (GEORGE BEST),202511,200573,200573,0,1,1,2,1,2,1,120.0,2225,0,120,2225,0,121.0,2227,1,False
BHD,BELFAST CITY (GEORGE BEST),202512,202623,202623,0,5,5,1,3,1,3,116.0,2336,0,116,2336,0,121.0,2337,3,False
BHD,BELFAST CITY (GEORGE BEST),202601,171431,171431,0,11,11,2,4,2,4,67.0,2210,0,67,2210,0,78.0,2212,4,False
BHD,BELFAST CITY (GEORGE BEST),202602,187934,187934,0,8,8,0,4,0,4,72.0,2114,0,72,2114,0,80.0,2114,4,False
BHD,BELFAST CITY (GEORGE BEST),202603,212641,212706,65,14,14,2,2,2,2,129.0,2423,0,129,2423,0,143.0,2425,2,False
BHD,BELFAST CITY (GEORGE BEST),202604,214935,214935,0,2,2,5,0,5,0,130.0,2535,0,130,2535,0,132.0,2540,0,False
BHD,BELFAST CITY (GEORGE BEST),202605,217022,217022,0,13,13,4,3,4,3,130.0,2617,0,130,2617,0,143.0,2621,3,False
BHD,BELFAST CITY (GEORGE BEST),202606,214373,214373,0,22,22,4,2,4,2,130.0,2420,0,130,2420,0,152.0,2424,2,False
LDY,CITY OF DERRY (EGLINTON),201501,20378,20381,3,0,0,0,0,0,0,1.0,178,0,1,178,0,1.0,178,0,False
LDY,CITY OF DERRY (EGLINTON),201502,22899,22899,0,0,0,0,0,0,0,0.0,160,0,0,160,0,0.0,160,0,False
LDY,CITY OF DERRY (EGLINTON),201503,24140,24140,0,0,0,0,0,0,0,0.0,174,0,0,174,0,0.0,174,0,False
LDY,CITY OF DERRY (EGLINTON),201504,22875,22875,0,0,0,0,0,0,0,0.0,148,0,0,148,0,0.0,148,0,False
LDY,CITY OF DERRY (EGLINTON),201505,22661,22661,0,0,0,0,0,0,0,0.0,150,0,0,150,0,0.0,150,0,False
LDY,CITY OF DERRY (EGLINTON),201506,23768,23768,0,0,0,2,0,2,0,8.0,148,0,8,148,0,8.0,150,0,False
LDY,CITY OF DERRY (EGLINTON),201507,29219,29219,0,0,0,0,0,0,0,38.0,141,0,38,141,0,38.0,141,0,False
LDY,CITY OF DERRY (EGLINTON),201508,25531,25531,0,0,0,0,0,0,0,0.0,150,0,0,150,0,0.0,150,0,False
LDY,CITY OF DERRY (EGLINTON),201509,22137,22137,0,0,0,0,0,0,0,0.0,152,0,0,152,0,0.0,152,0,False
LDY,CITY OF DERRY (EGLINTON),201510,24401,24401,0,1,1,1,0,1,0,0.0,158,0,0,158,0,1.0,159,0,False
LDY,CITY OF DERRY (EGLINTON),201511,25150,25150,0,0,0,0,0,0,0,1.0,168,0,1,168,0,1.0,168,0,False
LDY,CITY OF DERRY (EGLINTON),201512,21323,21323,0,0,0,0,0,0,0,0.0,148,0,0,148,0,0.0,148,0,False
LDY,CITY OF DERRY (EGLINTON),201601,20625,20625,0,0,0,0,0,0,0,0.0,152,0,0,152,0,0.0,152,0,False
LDY,CITY OF DERRY (EGLINTON),201602,24607,24607,0,0,0,0,0,0,0,0.0,158,0,0,158,0,0.0,158,0,False
LDY,CITY OF DERRY (EGLINTON),201603,25590,25590,0,0,0,0,0,0,0,0.0,164,0,0,164,0,0.0,164,0,False
LDY,CITY OF DERRY (EGLINTON),201604,22407,22407,0,2,2,0,0,0,0,1.0,145,0,1,145,0,3.0,145,0,False
LDY,CITY OF DERRY (EGLINTON),201605,23513,23513,0,0,0,0,0,0,0,0.0,154,0,0,154,0,0.0,154,0,False
LDY,CITY OF DERRY (EGLINTON),201606,24898,24898,0,0,0,0,0,0,0,16.0,144,0,16,144,0,16.0,144,0,False
LDY,CITY OF DERRY (EGLINTON),201607,28840,28840,0,0,0,0,0,0,0,18.0,150,0,18,150,0,18.0,150,0,False
LDY,CITY OF DERRY (EGLINTON),201608,28803,28803,0,0,0,0,0,0,0,18.0,150,0,18,150,0,18.0,150,0,False
LDY,CITY OF DERRY (EGLINTON),201609,25504,25504,0,0,0,0,0,0,0,18.0,146,0,18,146,0,18.0,146,0,False
LDY,CITY OF DERRY (EGLINTON),201610,23993,23993,0,0,0,0,0,0,0,0.0,152,0,0,152,0,0.0,152,0,False
LDY,CITY OF DERRY (EGLINTON),201611,21106,21106,0,0,0,0,0,0,0,0.0,132,0,0,132,0,0.0,132,0,False
LDY,CITY OF DERRY (EGLINTON),201612,20785,20785,0,0,0,0,0,0,0,1.0,135,0,1,135,0,1.0,135,0,False
LDY,CITY OF DERRY (EGLINTON),201701,19692,19692,0,0,0,0,0,0,0,0.0,140,0,0,140,0,0.0,140,0,False
LDY,CITY OF DERRY (EGLINTON),201702,20961,20961,0,0,0,0,0,0,0,2.0,130,0,2,130,0,2.0,130,0,False
LDY,CITY OF DERRY (EGLINTON),201703,19800,19800,0,0,0,0,0,0,0,0.0,126,0,0,126,0,0.0,126,0,False
LDY,CITY OF DERRY (EGLINTON),201704,10568,10568,0,0,0,0,0,0,0,0.0,62,0,0,62,0,0.0,62,0,False
LDY,CITY OF DERRY (EGLINTON),201705,13852,13852,0,0,0,0,0,0,0,0.0,173,1,0,173,1,0.0,173,1,False
LDY,CITY OF DERRY (EGLINTON),201706,14343,14343,0,3,3,0,0,0,0,0.0,172,0,0,172,0,3.0,172,0,False
LDY,CITY OF DERRY (EGLINTON),201707,16880,16880,0,10,10,0,0,0,0,0.0,176,0,0,176,0,10.0,176,0,False
LDY,CITY OF DERRY (EGLINTON),201708,16155,16155,0,5,5,0,0,0,0,0.0,179,0,0,179,0,5.0,179,0,False
LDY,CITY OF DERRY (EGLINTON),201709,14345,14345,0,0,0,1,0,1,0,0.0,172,0,0,172,0,0.0,173,0,False
LDY,CITY OF DERRY (EGLINTON),201710,15107,15107,0,0,0,0,0,0,0,1.0,181,0,1,181,0,1.0,181,0,False
LDY,CITY OF DERRY (EGLINTON),201711,16891,16891,0,0,0,2,0,2,0,0.0,190,0,0,190,0,0.0,192,0,False
LDY,CITY OF DERRY (EGLINTON),201712,15387,15387,0,0,0,0,0,0,0,1.0,184,0,1,184,0,1.0,184,0,False
LDY,CITY OF DERRY (EGLINTON),201801,14595,14595,0,0,0,0,0,0,0,3.0,195,0,3,195,0,3.0,195,0,False
LDY,CITY OF DERRY (EGLINTON),201802,14977,14977,0,0,0,0,0,0,0,1.0,176,0,1,176,0,1.0,176,0,False
LDY,CITY OF DERRY (EGLINTON),201803,15884,15884,0,2,2,0,0,0,0,0.0,192,0,0,192,0,2.0,192,0,False
LDY,CITY OF DERRY (EGLINTON),201804,14988,14988,0,0,0,0,0,0,0,0.0,178,0,0,178,0,0.0,178,0,False
LDY,CITY OF DERRY (EGLINTON),201805,15541,15541,0,0,0,0,0,0,0,0.0,189,0,0,189,0,0.0,189,0,False
LDY,CITY OF DERRY (EGLINTON),201806,15769,15769,0,3,3,0,0,0,0,0.0,180,0,0,180,0,3.0,180,0,False
LDY,CITY OF DERRY (EGLINTON),201807,18288,18288,0,11,11,1,0,1,0,0.0,186,0,0,186,0,11.0,187,0,False
LDY,CITY OF DERRY (EGLINTON),201808,17665,17665,0,5,5,0,0,0,0,0.0,186,0,0,186,0,5.0,186,0,False
LDY,CITY OF DERRY (EGLINTON),201809,12136,12136,0,0,0,0,0,0,0,0.0,162,0,0,162,0,0.0,162,0,False
LDY,CITY OF DERRY (EGLINTON),201810,12847,12847,0,0,0,0,0,0,0,0.0,176,0,0,176,0,0.0,176,0,False
LDY,CITY OF DERRY (EGLINTON),201811,16914,16914,0,0,0,0,0,0,0,0.0,236,0,0,236,0,0.0,236,0,False
LDY,CITY OF DERRY (EGLINTON),201812,16239,16239,0,0,0,0,0,0,0,0.0,242,0,0,242,0,0.0,242,0,False
LDY,CITY OF DERRY (EGLINTON),201901,14536,14536,0,0,0,0,2,0,2,0.0,226,0,0,226,0,0.0,226,2,False
LDY,CITY OF DERRY (EGLINTON),201902,13865,13865,0,0,0,0,0,0,0,0.0,178,0,0,178,0,0.0,178,0,False
LDY,CITY OF DERRY (EGLINTON),201903,16719,16719,0,0,0,0,0,0,0,0.0,242,0,0,242,0,0.0,242,0,False
LDY,CITY OF DERRY (EGLINTON),201904,15887,15887,0,0,0,0,0,0,0,0.0,231,0,0,231,0,0.0,231,0,False
LDY,CITY OF DERRY (EGLINTON),201905,15341,15341,0,0,0,0,0,0,0,0.0,254,0,0,254,0,0.0,254,0,False
LDY,CITY OF DERRY (EGLINTON),201906,16886,16886,0,0,0,0,0,0,0,0.0,284,0,0,284,0,0.0,284,0,False
LDY,CITY OF DERRY (EGLINTON),201907,19281,19281,0,0,0,0,0,0,0,0.0,288,0,0,288,0,0.0,288,0,False
LDY,CITY OF DERRY (EGLINTON),201908,20556,20556,0,0,0,0,0,0,0,0.0,296,0,0,296,0,0.0,296,0,False
LDY,CITY OF DERRY (EGLINTON),201909,16081,16081,0,0,0,0,0,0,0,0.0,274,0,0,274,0,0.0,274,0,False
LDY,CITY OF DERRY (EGLINTON),201910,18201,18201,0,0,0,0,0,0,0,0.0,280,0,0,280,0,0.0,280,0,False
LDY,CITY OF DERRY (EGLINTON),201911,18005,18005,0,0,0,0,0,0,0,0.0,246,0,0,246,0,0.0,246,0,False
LDY,CITY OF DERRY (EGLINTON),201912,18419,18419,0,0,0,0,0,0,0,0.0,262,0,0,262,0,0.0,262,0,False
LDY,CITY OF DERRY (EGLINTON),202001,15199,15199,0,0,0,0,0,0,0,0.0,238,0,0,238,0,0.0,238,0,False
LDY,CITY OF DERRY (EGLINTON),202002,16296,16296,0,0,0,0,0,0,0,0.0,216,0,0,216,0,0.0,216,0,False
LDY,CITY OF DERRY (EGLINTON),202003,9905,9905,0,0,0,0,0,0,0,0.0,218,0,0,218,0,0.0,218,0,True
LDY,CITY OF DERRY (EGLINTON),202004,166,166,0,0,0,0,0,0,0,0.0,52,0,0,52,0,0.0,52,0,True
LDY,CITY OF DERRY (EGLINTON),202005,946,946,0,0,0,0,0,0,0,0.0,52,0,0,52,0,0.0,52,0,True
LDY,CITY OF DERRY (EGLINTON),202006,1454,1454,0,0,0,0,0,0,0,0.0,52,0,0,52,0,0.0,52,0,True
LDY,CITY OF DERRY (EGLINTON),202007,6683,6683,0,0,0,0,0,0,0,0.0,138,0,0,138,0,0.0,138,0,True
LDY,CITY OF DERRY (EGLINTON),202008,9074,9074,0,2,2,0,0,0,0,0.0,158,0,0,158,0,2.0,158,0,True
LDY,CITY OF DERRY (EGLINTON),202009,5596,5596,0,0,0,0,0,0,0,0.0,158,0,0,158,0,0.0,158,0,True
LDY,CITY OF DERRY (EGLINTON),202010,3631,3631,0,0,0,0,0,0,0,0.0,144,0,0,144,0,0.0,144,0,True
LDY,CITY OF DERRY (EGLINTON),202011,5580,5580,0,0,0,0,0,0,0,0.0,112,0,0,112,0,0.0,112,0,True
LDY,CITY OF DERRY (EGLINTON),202012,5964,5964,0,0,0,0,0,0,0,0.0,158,0,0,158,0,0.0,158,0,True
LDY,CITY OF DERRY (EGLINTON),202101,1111,1111,0,0,0,0,0,0,0,0.0,118,0,0,118,0,0.0,118,0,True
LDY,CITY OF DERRY (EGLINTON),202102,1147,1147,0,0,0,0,0,0,0,0.0,84,0,0,84,0,0.0,84,0,True
LDY,CITY OF DERRY (EGLINTON),202103,1831,1831,0,0,0,0,0,0,0,0.0,111,0,0,111,0,0.0,111,0,True
LDY,CITY OF DERRY (EGLINTON),202104,3360,3360,0,0,0,0,0,0,0,0.0,124,0,0,124,0,0.0,124,0,True
LDY,CITY OF DERRY (EGLINTON),202105,4469,4469,0,0,0,0,0,0,0,0.0,152,0,0,152,0,0.0,152,0,True
LDY,CITY OF DERRY (EGLINTON),202106,7396,7396,0,0,0,0,0,0,0,0.0,196,0,0,196,0,0.0,196,0,True
LDY,CITY OF DERRY (EGLINTON),202107,9330,9330,0,0,0,0,0,0,0,0.0,239,0,0,239,0,0.0,239,0,True
LDY,CITY OF DERRY (EGLINTON),202108,10719,10719,0,0,0,0,0,0,0,0.0,257,0,0,257,0,0.0,257,0,True
LDY,CITY OF DERRY (EGLINTON),202109,7630,7630,0,0,0,0,0,0,0,0.0,211,0,0,211,0,0.0,211,0,True
LDY,CITY OF DERRY (EGLINTON),202110,7752,7752,0,0,0,0,0,0,0,0.0,213,0,0,213,0,0.0,213,0,True
LDY,CITY OF DERRY (EGLINTON),202111,6938,6938,0,0,0,0,0,0,0,0.0,206,0,0,206,0,0.0,206,0,True
LDY,CITY OF DERRY (EGLINTON),202112,11341,11341,0,0,0,0,0,0,0,0.0,273,0,0,273,0,0.0,273,0,True
LDY,CITY OF DERRY (EGLINTON),202201,7292,7292,0,0,0,0,0,0,0,0.0,224,0,0,224,0,0.0,224,0,True
LDY,CITY OF DERRY (EGLINTON),202202,10171,10171,0,0,0,0,0,0,0,0.0,212,0,0,212,0,0.0,212,0,True
LDY,CITY OF DERRY (EGLINTON),202203,11060,11060,0,0,0,0,0,0,0,0.0,238,0,0,238,0,0.0,238,0,True
LDY,CITY OF DERRY (EGLINTON),202204,12810,12810,0,0,0,0,0,0,0,0.0,241,0,0,241,0,0.0,241,0,True
LDY,CITY OF DERRY (EGLINTON),202205,13910,13910,0,0,0,0,0,0,0,0.0,275,0,0,275,0,0.0,275,0,True
LDY,CITY OF DERRY (EGLINTON),202206,15360,15360,0,2,2,0,0,0,0,0.0,300,0,0,300,0,2.0,300,0,False
LDY,CITY OF DERRY (EGLINTON),202207,20889,20889,0,18,18,0,0,0,0,0.0,344,0,0,344,0,18.0,344,0,False
LDY,CITY OF DERRY (EGLINTON),202208,19448,19448,0,12,12,0,0,0,0,0.0,320,0,0,320,0,12.0,320,0,False
LDY,CITY OF DERRY (EGLINTON),202209,13534,13534,0,0,0,0,0,0,0,0.0,278,0,0,278,0,0.0,278,0,False
LDY,CITY OF DERRY (EGLINTON),202210,14677,14677,0,2,2,0,0,0,0,0.0,278,0,0,278,0,2.0,278,0,False
LDY,CITY OF DERRY (EGLINTON),202211,11332,11332,0,0,0,0,0,0,0,0.0,223,0,0,223,0,0.0,223,0,False
LDY,CITY OF DERRY (EGLINTON),202212,12896,12896,0,0,0,0,0,0,0,0.0,288,0,0,288,0,0.0,288,0,False
LDY,CITY OF DERRY (EGLINTON),202301,10400,10400,0,0,0,0,0,0,0,0.0,234,0,0,234,0,0.0,234,0,False
LDY,CITY OF DERRY (EGLINTON),202302,11256,11256,0,0,0,5,0,5,0,0.0,196,0,0,196,0,0.0,201,0,False
LDY,CITY OF DERRY (EGLINTON),202303,11764,11764,0,0,0,0,0,0,0,0.0,226,0,0,226,0,0.0,226,0,False
LDY,CITY OF DERRY (EGLINTON),202304,13443,13443,0,0,0,0,0,0,0,0.0,260,0,0,260,0,0.0,260,0,False
LDY,CITY OF DERRY (EGLINTON),202305,12896,12896,0,3,3,0,0,0,0,0.0,270,0,0,270,0,3.0,270,0,False
LDY,CITY OF DERRY (EGLINTON),202306,14138,14138,0,1,1,0,0,0,0,0.0,266,0,0,266,0,1.0,266,0,False
LDY,CITY OF DERRY (EGLINTON),202307,18743,18743,0,8,8,0,2,0,2,4.0,306,0,4,306,0,12.0,306,2,False
LDY,CITY OF DERRY (EGLINTON),202308,17380,17380,0,11,11,0,2,0,2,0.0,286,0,0,286,0,11.0,286,2,False
LDY,CITY OF DERRY (EGLINTON),202309,12204,12204,0,0,0,0,0,0,0,0.0,256,0,0,256,0,0.0,256,0,False
LDY,CITY OF DERRY (EGLINTON),202310,12623,12623,0,0,0,0,0,0,0,0.0,264,0,0,264,0,0.0,264,0,False
LDY,CITY OF DERRY (EGLINTON),202311,9436,9436,0,0,0,0,0,0,0,0.0,216,0,0,216,0,0.0,216,0,False
LDY,CITY OF DERRY (EGLINTON),202312,10203,10203,0,0,0,0,0,0,0,0.0,224,0,0,224,0,0.0,224,0,False
LDY,CITY OF DERRY (EGLINTON),202401,8575,8575,0,2,2,0,0,0,0,0.0,202,0,0,202,0,2.0,202,0,False
LDY,CITY OF DERRY (EGLINTON),202402,9192,9192,0,5,5,0,0,0,0,0.0,176,0,0,176,0,5.0,176,0,False
LDY,CITY OF DERRY (EGLINTON),202403,10604,10604,0,0,0,0,0,0,0,0.0,222,0,0,222,0,0.0,222,0,False
LDY,CITY OF DERRY (EGLINTON),202404,14662,14662,0,0,0,0,0,0,0,0.0,256,0,0,256,0,0.0,256,0,False
LDY,CITY OF DERRY (EGLINTON),202405,15402,15402,0,5,5,0,0,0,0,0.0,264,0,0,264,0,5.0,264,0,False
LDY,CITY OF DERRY (EGLINTON),202406,15625,15625,0,8,8,0,0,0,0,0.0,252,0,0,252,0,8.0,252,0,False
LDY,CITY OF DERRY (EGLINTON),202407,19153,19153,0,15,15,0,0,0,0,0.0,272,0,0,272,0,15.0,272,0,False
LDY,CITY OF DERRY (EGLINTON),202408,18989,18989,0,1,1,0,0,0,0,0.0,270,0,0,270,0,1.0,270,0,False
LDY,CITY OF DERRY (EGLINTON),202409,14371,14371,0,0,0,0,0,0,0,0.0,258,0,0,258,0,0.0,258,0,False
LDY,CITY OF DERRY (EGLINTON),202410,14836,14836,0,0,0,0,0,0,0,0.0,266,0,0,266,0,0.0,266,0,False
LDY,CITY OF DERRY (EGLINTON),202411,17572,17572,0,0,0,0,0,0,0,0.0,278,0,0,278,0,0.0,278,0,False
LDY,CITY OF DERRY (EGLINTON),202412,20114,20114,0,0,0,0,0,0,0,0.0,298,0,0,298,0,0.0,298,0,False
LDY,CITY OF DERRY (EGLINTON),202501,15064,15064,0,4,4,0,0,0,0,0.0,288,0,0,288,0,4.0,288,0,False
LDY,CITY OF DERRY (EGLINTON),202502,17313,17313,0,7,7,0,0,0,0,0.0,259,0,0,259,0,7.0,259,0,False
LDY,CITY OF DERRY (EGLINTON),202503,17431,17431,0,0,0,0,0,0,0,0.0,294,0,0,294,0,0.0,294,0,False
LDY,CITY OF DERRY (EGLINTON),202504,17434,17434,0,0,0,0,0,0,0,0.0,270,0,0,270,0,0.0,270,0,False
LDY,CITY OF DERRY (EGLINTON),202505,18987,18987,0,4,4,0,2,0,2,0.0,280,0,0,280,0,4.0,280,2,False
LDY,CITY OF DERRY (EGLINTON),202506,17741,17741,0,1,1,0,0,0,0,0.0,286,0,0,286,0,1.0,286,0,False
LDY,CITY OF DERRY (EGLINTON),202507,20924,20924,0,3,3,1,0,1,0,0.0,296,0,0,296,0,3.0,297,0,False
LDY,CITY OF DERRY (EGLINTON),202508,21274,21274,0,0,0,0,0,0,0,0.0,294,0,0,294,0,0.0,294,0,False
LDY,CITY OF DERRY (EGLINTON),202509,18912,18912,0,0,0,0,0,0,0,0.0,294,0,0,294,0,0.0,294,0,False
LDY,CITY OF DERRY (EGLINTON),202510,18959,18959,0,0,0,0,0,0,0,0.0,299,0,0,299,0,0.0,299,0,False
LDY,CITY OF DERRY (EGLINTON),202511,17623,17623,0,0,0,0,0,0,0,0.0,286,0,0,286,0,0.0,286,0,False
LDY,CITY OF DERRY (EGLINTON),202512,19271,19271,0,0,0,0,0,0,0,0.0,304,0,0,304,0,0.0,304,0,False
LDY,CITY OF DERRY (EGLINTON),202601,15498,15498,0,6,6,0,0,0,0,0.0,284,0,0,284,0,6.0,284,0,False
LDY,CITY OF DERRY (EGLINTON),202602,18441,18441,0,2,2,0,0,0,0,0.0,276,0,0,276,0,2.0,276,0,False
LDY,CITY OF DERRY (EGLINTON),202603,21022,21022,0,0,0,0,0,0,0,0.0,320,0,0,320,0,0.0,320,0,False
LDY,CITY OF DERRY (EGLINTON),202604,21493,21493,0,1,1,0,2,0,2,0.0,306,0,0,306,0,1.0,306,2,False
LDY,CITY OF DERRY (EGLINTON),202605,21955,21955,0,4,4,0,1,0,1,0.0,312,0,0,312,0,4.0,312,1,False
LDY,CITY OF DERRY (EGLINTON),202606,21742,21742,0,3,3,0,0,0,0,0.0,310,0,0,310,0,3.0,310,0,False
